{"name":"arroyo_response","identifier":"EBPSMQHT4T","description":null,"slotTypeName":"Response","obfuscationSetting":null,"valueElicitationSetting":{"slotCaptureSetting":{"codeHook":null,"captureResponse":null,"captureNextStep":{"dialogAction":{"type":"EvaluateConditional","suppressNextMessage":null,"slotToElicit":null},"sessionAttributes":null,"intent":{"name":null,"slots":null}},"captureConditional":{"isActive":true,"conditionalBranches":[{"name":"Si","response":{"messageGroupsList":[{"message":{"ssmlMessage":null,"customPayload":null,"plainTextMessage":{"value":"Excelente. Hoy esta área se llama Waterloo Greenway, pero durante generaciones, el suelo debajo de sus pies fue uno de los barrios residenciales más antiguos y diversos de Austin. Durante más de 15,000 años, los pueblos indígenas tuvieron su propia relación con este paisaje. ¿Quisiera saber más? Respuesta: Sí/No"},"imageResponseCard":null},"variations":null}],"allowInterrupt":true},"condition":{"expressionString":"{arroyo_response} = \"Sí\" || {arroyo_response} = \"si\" || {arroyo_response} = \"yes\""},"nextStep":{"dialogAction":{"type":"ElicitSlot","suppressNextMessage":true,"slotToElicit":"arroyo_second_response"},"sessionAttributes":null,"intent":{"name":null,"slots":null}}},{"name":"No","response":{"messageGroupsList":[{"message":{"ssmlMessage":null,"customPayload":null,"plainTextMessage":{"value":"¡Gracias por visitar Waterloo Park! Hay varias paradas para aprender más por todo el parque. Para tener la oportunidad de ganar boletos gratis para un concierto, comparta más información sobre usted aquí: waterloogreenway.org/encuesta"},"imageResponseCard":null},"variations":null}],"allowInterrupt":true},"condition":{"expressionString":"{arroyo_response} = \"no\" || {arroyo_response} = \"No\""},"nextStep":{"dialogAction":{"type":"EndConversation","suppressNextMessage":null,"slotToElicit":null},"sessionAttributes":null,"intent":null}}],"defaultBranch":{"response":null,"nextStep":{"dialogAction":{"type":"ElicitSlot","suppressNextMessage":null,"slotToElicit":"arroyo_second_response"},"sessionAttributes":null,"intent":{"name":null,"slots":null}}}},"failureResponse":null,"failureNextStep":{"dialogAction":{"type":"StartIntent","suppressNextMessage":null,"slotToElicit":null},"sessionAttributes":null,"intent":{"name":"FallbackIntent","slots":null}},"failureConditional":null,"elicitationCodeHook":{"invocationLabel":null,"enableCodeHookInvocation":true}},"promptSpecification":{"messageGroupsList":[{"message":{"ssmlMessage":null,"customPayload":null,"plainTextMessage":{"value":"Delante de usted esta área especial del arroyo Waller Creek ha sido diseñada para recuperar y conservar la belleza natural del arroyo. Los sistemas de arroyos en buenas condiciones realizan condiciones importantes: las plantas autóctonas estabilizan laderas, absorben fuertes precipitaciones y crean hábitats más sanos para la vida silvestre. Mire a su alrededor y quizá vea peces, tortugas y pájaros. ¿Quisiera saber más? Respuesta: Sí/No"},"imageResponseCard":null},"variations":null}],"maxRetries":4,"allowInterrupt":true,"messageSelectionStrategy":"Random","promptAttemptsSpecification":{"Retry1":{"audioAndDTMFInputSpecification":{"dtmfSpecification":{"maxLength":513,"deletionCharacter":"*","endCharacter":"#","endTimeoutMs":5000},"startTimeoutMs":4000,"audioSpecification":{"maxLengthMs":15000,"endTimeoutMs":640}},"allowedInputTypes":{"allowAudioInput":true,"allowDTMFInput":true},"allowInterrupt":true,"textInputSpecification":{"startTimeoutMs":30000}},"Initial":{"audioAndDTMFInputSpecification":{"dtmfSpecification":{"maxLength":513,"deletionCharacter":"*","endCharacter":"#","endTimeoutMs":5000},"startTimeoutMs":4000,"audioSpecification":{"maxLengthMs":15000,"endTimeoutMs":640}},"allowedInputTypes":{"allowAudioInput":true,"allowDTMFInput":true},"allowInterrupt":true,"textInputSpecification":{"startTimeoutMs":30000}},"Retry3":{"audioAndDTMFInputSpecification":{"dtmfSpecification":{"maxLength":513,"deletionCharacter":"*","endCharacter":"#","endTimeoutMs":5000},"startTimeoutMs":4000,"audioSpecification":{"maxLengthMs":15000,"endTimeoutMs":640}},"allowedInputTypes":{"allowAudioInput":true,"allowDTMFInput":true},"allowInterrupt":true,"textInputSpecification":{"startTimeoutMs":30000}},"Retry2":{"audioAndDTMFInputSpecification":{"dtmfSpecification":{"maxLength":513,"deletionCharacter":"*","endCharacter":"#","endTimeoutMs":5000},"startTimeoutMs":4000,"audioSpecification":{"maxLengthMs":15000,"endTimeoutMs":640}},"allowedInputTypes":{"allowAudioInput":true,"allowDTMFInput":true},"allowInterrupt":true,"textInputSpecification":{"startTimeoutMs":30000}},"Retry4":{"audioAndDTMFInputSpecification":{"dtmfSpecification":{"maxLength":513,"deletionCharacter":"*","endCharacter":"#","endTimeoutMs":5000},"startTimeoutMs":4000,"audioSpecification":{"maxLengthMs":15000,"endTimeoutMs":640}},"allowedInputTypes":{"allowAudioInput":true,"allowDTMFInput":true},"allowInterrupt":true,"textInputSpecification":{"startTimeoutMs":30000}}}},"slotConstraint":"Required","defaultValueSpecification":null,"sampleUtterances":null,"waitAndContinueSpecification":null},"multipleValuesSetting":null}