{"name":"ayuda_response","identifier":"FGP0102FWM","description":null,"slotTypeName":"Response","obfuscationSetting":null,"valueElicitationSetting":{"slotCaptureSetting":{"codeHook":null,"captureResponse":null,"captureNextStep":{"dialogAction":{"type":"EndConversation","suppressNextMessage":null,"slotToElicit":null},"sessionAttributes":null,"intent":{"name":null,"slots":null}},"captureConditional":null,"failureResponse":null,"failureNextStep":{"dialogAction":{"type":"StartIntent","suppressNextMessage":null,"slotToElicit":null},"sessionAttributes":null,"intent":{"name":"FallbackIntent","slots":null}},"failureConditional":null,"elicitationCodeHook":{"invocationLabel":null,"enableCodeHookInvocation":true}},"promptSpecification":{"messageGroupsList":[{"message":{"ssmlMessage":null,"customPayload":null,"plainTextMessage":{"value":"¡Hola! Soy el chatbot de Waterloo Greenway. Envía un mensaje de texto en uno de nuestros letreros a este número para obtener más información sobre el parque. Envía un mensaje de texto con la palabra \"STOP\" para optar por no participar permanente."},"imageResponseCard":null},"variations":null}],"maxRetries":4,"allowInterrupt":true,"messageSelectionStrategy":"Random","promptAttemptsSpecification":{"Initial":{"audioAndDTMFInputSpecification":{"dtmfSpecification":{"maxLength":513,"deletionCharacter":"*","endCharacter":"#","endTimeoutMs":5000},"startTimeoutMs":4000,"audioSpecification":{"maxLengthMs":15000,"endTimeoutMs":640}},"allowedInputTypes":{"allowAudioInput":true,"allowDTMFInput":true},"allowInterrupt":true,"textInputSpecification":{"startTimeoutMs":30000}},"Retry4":{"audioAndDTMFInputSpecification":{"dtmfSpecification":{"maxLength":513,"deletionCharacter":"*","endCharacter":"#","endTimeoutMs":5000},"startTimeoutMs":4000,"audioSpecification":{"maxLengthMs":15000,"endTimeoutMs":640}},"allowedInputTypes":{"allowAudioInput":true,"allowDTMFInput":true},"allowInterrupt":true,"textInputSpecification":{"startTimeoutMs":30000}},"Retry2":{"audioAndDTMFInputSpecification":{"dtmfSpecification":{"maxLength":513,"deletionCharacter":"*","endCharacter":"#","endTimeoutMs":5000},"startTimeoutMs":4000,"audioSpecification":{"maxLengthMs":15000,"endTimeoutMs":640}},"allowedInputTypes":{"allowAudioInput":true,"allowDTMFInput":true},"allowInterrupt":true,"textInputSpecification":{"startTimeoutMs":30000}},"Retry1":{"audioAndDTMFInputSpecification":{"dtmfSpecification":{"maxLength":513,"deletionCharacter":"*","endCharacter":"#","endTimeoutMs":5000},"startTimeoutMs":4000,"audioSpecification":{"maxLengthMs":15000,"endTimeoutMs":640}},"allowedInputTypes":{"allowAudioInput":true,"allowDTMFInput":true},"allowInterrupt":true,"textInputSpecification":{"startTimeoutMs":30000}},"Retry3":{"audioAndDTMFInputSpecification":{"dtmfSpecification":{"maxLength":513,"deletionCharacter":"*","endCharacter":"#","endTimeoutMs":5000},"startTimeoutMs":4000,"audioSpecification":{"maxLengthMs":15000,"endTimeoutMs":640}},"allowedInputTypes":{"allowAudioInput":true,"allowDTMFInput":true},"allowInterrupt":true,"textInputSpecification":{"startTimeoutMs":30000}}}},"slotConstraint":"Required","defaultValueSpecification":null,"sampleUtterances":null,"waitAndContinueSpecification":null},"multipleValuesSetting":null}