{"name":"art_response","identifier":"5UYIH2DYG7","description":null,"slotTypeName":"Response","obfuscationSetting":null,"valueElicitationSetting":{"slotCaptureSetting":{"codeHook":null,"captureResponse":null,"captureNextStep":{"dialogAction":{"type":"EvaluateConditional","suppressNextMessage":null,"slotToElicit":null},"sessionAttributes":null,"intent":{"name":null,"slots":null}},"captureConditional":{"isActive":true,"conditionalBranches":[{"name":"Yes","response":{"messageGroupsList":[{"message":{"ssmlMessage":null,"customPayload":null,"plainTextMessage":{"value":"Executed on three walls of the Waller Creek Flood Control Tunnel inlet facility, the wall painting (waterloogreenway.org/mural) reflects the dynamism and constant activity of water management, oxygenation, and debris collection in downtown Austin. Using animated abstract bio-morphic shapes and lines within a blue and white color scheme, the wall painting echoes the vital flow systems inside the Tunnel as well as the vitality and energy of Waterloo Park in an urban environment. "},"imageResponseCard":null},"variations":null}],"allowInterrupt":true},"condition":{"expressionString":"{art_response} = \"yes\" || ({art_response} = \"Yes\""},"nextStep":{"dialogAction":{"type":"EndConversation","suppressNextMessage":null,"slotToElicit":null},"sessionAttributes":null,"intent":null}},{"name":"No","response":{"messageGroupsList":[{"message":{"ssmlMessage":null,"customPayload":null,"plainTextMessage":{"value":"Thank you for visiting Waterloo Park! We have several other stops to learn more around the park. For a chance to win free concert tickets to visit us again, please share more information about yourself here: waterloogreenway.org/survey"},"imageResponseCard":null},"variations":null}],"allowInterrupt":true},"condition":{"expressionString":"{art_response} = \"no\") || ({art_response} = \"No\""},"nextStep":{"dialogAction":{"type":"EndConversation","suppressNextMessage":null,"slotToElicit":null},"sessionAttributes":null,"intent":null}}],"defaultBranch":{"response":null,"nextStep":{"dialogAction":{"type":"EndConversation","suppressNextMessage":null,"slotToElicit":null},"sessionAttributes":null,"intent":{"name":null,"slots":null}}}},"failureResponse":null,"failureNextStep":{"dialogAction":{"type":"StartIntent","suppressNextMessage":null,"slotToElicit":null},"sessionAttributes":null,"intent":{"name":"FallbackIntent","slots":null}},"failureConditional":null,"elicitationCodeHook":{"invocationLabel":null,"enableCodeHookInvocation":true}},"promptSpecification":{"messageGroupsList":[{"message":{"ssmlMessage":null,"customPayload":null,"plainTextMessage":{"value":"Named \"Wall Painting for Austin,\" the blue and white art mural was commissioned by Waterloo Greenway in partnership with the City of Austin, a \"larger than life\" work by renowned Venezuelan artist Arturo Herrera. A team of talented local artists installed the 6,587 sq. ft. artwork, inspired by the water flowing in and around Waterloo Park. Would you like to learn more? Reply: Yes/No"},"imageResponseCard":null},"variations":null}],"maxRetries":4,"allowInterrupt":true,"messageSelectionStrategy":"Random","promptAttemptsSpecification":{"Retry1":{"audioAndDTMFInputSpecification":{"dtmfSpecification":{"maxLength":513,"deletionCharacter":"*","endCharacter":"#","endTimeoutMs":5000},"startTimeoutMs":4000,"audioSpecification":{"maxLengthMs":15000,"endTimeoutMs":640}},"allowedInputTypes":{"allowAudioInput":true,"allowDTMFInput":true},"allowInterrupt":true,"textInputSpecification":{"startTimeoutMs":30000}},"Initial":{"audioAndDTMFInputSpecification":{"dtmfSpecification":{"maxLength":513,"deletionCharacter":"*","endCharacter":"#","endTimeoutMs":5000},"startTimeoutMs":4000,"audioSpecification":{"maxLengthMs":15000,"endTimeoutMs":640}},"allowedInputTypes":{"allowAudioInput":true,"allowDTMFInput":true},"allowInterrupt":true,"textInputSpecification":{"startTimeoutMs":30000}},"Retry3":{"audioAndDTMFInputSpecification":{"dtmfSpecification":{"maxLength":513,"deletionCharacter":"*","endCharacter":"#","endTimeoutMs":5000},"startTimeoutMs":4000,"audioSpecification":{"maxLengthMs":15000,"endTimeoutMs":640}},"allowedInputTypes":{"allowAudioInput":true,"allowDTMFInput":true},"allowInterrupt":true,"textInputSpecification":{"startTimeoutMs":30000}},"Retry2":{"audioAndDTMFInputSpecification":{"dtmfSpecification":{"maxLength":513,"deletionCharacter":"*","endCharacter":"#","endTimeoutMs":5000},"startTimeoutMs":4000,"audioSpecification":{"maxLengthMs":15000,"endTimeoutMs":640}},"allowedInputTypes":{"allowAudioInput":true,"allowDTMFInput":true},"allowInterrupt":true,"textInputSpecification":{"startTimeoutMs":30000}},"Retry4":{"audioAndDTMFInputSpecification":{"dtmfSpecification":{"maxLength":513,"deletionCharacter":"*","endCharacter":"#","endTimeoutMs":5000},"startTimeoutMs":4000,"audioSpecification":{"maxLengthMs":15000,"endTimeoutMs":640}},"allowedInputTypes":{"allowAudioInput":true,"allowDTMFInput":true},"allowInterrupt":true,"textInputSpecification":{"startTimeoutMs":30000}}}},"slotConstraint":"Required","defaultValueSpecification":null,"sampleUtterances":null,"waitAndContinueSpecification":null},"multipleValuesSetting":null}