{"name":"Roof","identifier":"XKFJD0WW8U","description":null,"parentIntentSignature":null,"sampleUtterances":[{"utterance":"Roof"},{"utterance":"roof"}],"intentConfirmationSetting":null,"intentClosingSetting":null,"initialResponseSetting":{"codeHook":{"isActive":true,"postCodeHookSpecification":{"successNextStep":{"dialogAction":{"type":"ElicitSlot","suppressNextMessage":null,"slotToElicit":"roof_response"},"sessionAttributes":null,"intent":{"name":null,"slots":null}},"successResponse":null,"failureResponse":null,"failureNextStep":{"dialogAction":{"type":"EndConversation","suppressNextMessage":null,"slotToElicit":null},"sessionAttributes":null,"intent":{"name":null,"slots":null}},"failureConditional":null,"successConditional":null,"timeoutResponse":null,"timeoutNextStep":{"dialogAction":{"type":"EndConversation","suppressNextMessage":null,"slotToElicit":null},"sessionAttributes":null,"intent":{"name":null,"slots":null}},"timeoutConditional":null},"invocationLabel":null,"enableCodeHookInvocation":true},"conditional":null,"nextStep":{"dialogAction":{"type":"InvokeDialogCodeHook","suppressNextMessage":null,"slotToElicit":null},"sessionAttributes":null,"intent":{"name":null,"slots":null}},"initialResponse":null},"inputContexts":null,"outputContexts":null,"kendraConfiguration":null,"dialogCodeHook":null,"fulfillmentCodeHook":null,"slotPriorities":[{"priority":2,"slotName":"roof_second_response"},{"priority":1,"slotName":"roof_response"}]}