{"name":"tunnel_response","identifier":"CE6E4D1NXX","description":null,"slotTypeName":"Response","obfuscationSetting":null,"valueElicitationSetting":{"slotCaptureSetting":{"codeHook":null,"captureResponse":null,"captureNextStep":{"dialogAction":{"type":"EvaluateConditional","suppressNextMessage":null,"slotToElicit":null},"sessionAttributes":null,"intent":{"name":null,"slots":null}},"captureConditional":{"isActive":true,"conditionalBranches":[{"name":"Yes","response":{"messageGroupsList":[{"message":{"ssmlMessage":null,"customPayload":null,"plainTextMessage":{"value":"The Waller Creek Flood Control Tunnel prevents flooding south of 12th Street and supports the creek’s health, striking an innovative balance between our city and the natural world. Completed by the City of Austin in 2017, the tunnel’s construction sparked the revitalization of Waterloo Park and the creation of Waterloo Greenway. Would you like to learn more? Reply: Yes/No"},"imageResponseCard":null},"variations":null}],"allowInterrupt":true},"condition":{"expressionString":"{tunnel_response} = \"yes\" || {tunnel_response} = \"si\""},"nextStep":{"dialogAction":{"type":"ElicitSlot","suppressNextMessage":true,"slotToElicit":"tunnel_second_response"},"sessionAttributes":null,"intent":{"name":null,"slots":null}}},{"name":"No","response":{"messageGroupsList":[{"message":{"ssmlMessage":null,"customPayload":null,"plainTextMessage":{"value":"Thank you for visiting Waterloo Park! We have several other stops to learn more around the park. For a chance to win free concert tickets to visit us again, please share more information about yourself here: waterloogreenway.org/survey"},"imageResponseCard":null},"variations":null}],"allowInterrupt":true},"condition":{"expressionString":"{tunnel_response} = \"no\""},"nextStep":{"dialogAction":{"type":"EndConversation","suppressNextMessage":null,"slotToElicit":null},"sessionAttributes":null,"intent":null}}],"defaultBranch":{"response":null,"nextStep":{"dialogAction":{"type":"ElicitSlot","suppressNextMessage":null,"slotToElicit":"tunnel_second_response"},"sessionAttributes":null,"intent":{"name":null,"slots":null}}}},"failureResponse":null,"failureNextStep":{"dialogAction":{"type":"StartIntent","suppressNextMessage":null,"slotToElicit":null},"sessionAttributes":null,"intent":{"name":"FallbackIntent","slots":null}},"failureConditional":null,"elicitationCodeHook":{"invocationLabel":null,"enableCodeHookInvocation":true}},"promptSpecification":{"messageGroupsList":[{"message":{"ssmlMessage":null,"customPayload":null,"plainTextMessage":{"value":"The building located across the creek is the home of the Waller Creek Flood Control Tunnel, which removes more than 28 acres of downtown from the floodplain, keeping people safe from flash floods and protecting dozens of businesses.  Historically, devastating flooding along Waller Creek claimed lives and property—leading to neglect and economic depression. Would you like to learn more? Reply: Yes/No"},"imageResponseCard":null},"variations":null}],"maxRetries":4,"allowInterrupt":true,"messageSelectionStrategy":"Ordered","promptAttemptsSpecification":{"Retry1":{"audioAndDTMFInputSpecification":{"dtmfSpecification":{"maxLength":513,"deletionCharacter":"*","endCharacter":"#","endTimeoutMs":5000},"startTimeoutMs":4000,"audioSpecification":{"maxLengthMs":15000,"endTimeoutMs":640}},"allowedInputTypes":{"allowAudioInput":true,"allowDTMFInput":true},"allowInterrupt":true,"textInputSpecification":{"startTimeoutMs":30000}},"Initial":{"audioAndDTMFInputSpecification":{"dtmfSpecification":{"maxLength":513,"deletionCharacter":"*","endCharacter":"#","endTimeoutMs":5000},"startTimeoutMs":4000,"audioSpecification":{"maxLengthMs":15000,"endTimeoutMs":640}},"allowedInputTypes":{"allowAudioInput":true,"allowDTMFInput":true},"allowInterrupt":true,"textInputSpecification":{"startTimeoutMs":30000}},"Retry3":{"audioAndDTMFInputSpecification":{"dtmfSpecification":{"maxLength":513,"deletionCharacter":"*","endCharacter":"#","endTimeoutMs":5000},"startTimeoutMs":4000,"audioSpecification":{"maxLengthMs":15000,"endTimeoutMs":640}},"allowedInputTypes":{"allowAudioInput":true,"allowDTMFInput":true},"allowInterrupt":true,"textInputSpecification":{"startTimeoutMs":30000}},"Retry2":{"audioAndDTMFInputSpecification":{"dtmfSpecification":{"maxLength":513,"deletionCharacter":"*","endCharacter":"#","endTimeoutMs":5000},"startTimeoutMs":4000,"audioSpecification":{"maxLengthMs":15000,"endTimeoutMs":640}},"allowedInputTypes":{"allowAudioInput":true,"allowDTMFInput":true},"allowInterrupt":true,"textInputSpecification":{"startTimeoutMs":30000}},"Retry4":{"audioAndDTMFInputSpecification":{"dtmfSpecification":{"maxLength":513,"deletionCharacter":"*","endCharacter":"#","endTimeoutMs":5000},"startTimeoutMs":4000,"audioSpecification":{"maxLengthMs":15000,"endTimeoutMs":640}},"allowedInputTypes":{"allowAudioInput":true,"allowDTMFInput":true},"allowInterrupt":true,"textInputSpecification":{"startTimeoutMs":30000}}}},"slotConstraint":"Required","defaultValueSpecification":null,"sampleUtterances":null,"waitAndContinueSpecification":null},"multipleValuesSetting":null}