{"name":"FallbackIntent","identifier":"FALLBCKINT","description":"Default intent when no other intent matches","parentIntentSignature":"AMAZON.FallbackIntent","sampleUtterances":null,"intentConfirmationSetting":null,"intentClosingSetting":null,"initialResponseSetting":{"codeHook":{"isActive":true,"postCodeHookSpecification":{"successNextStep":{"dialogAction":{"type":"EndConversation","suppressNextMessage":null,"slotToElicit":null},"sessionAttributes":null,"intent":null},"successResponse":null,"failureResponse":null,"failureNextStep":{"dialogAction":{"type":"EndConversation","suppressNextMessage":null,"slotToElicit":null},"sessionAttributes":null,"intent":null},"failureConditional":null,"successConditional":null,"timeoutResponse":null,"timeoutNextStep":{"dialogAction":{"type":"EndConversation","suppressNextMessage":null,"slotToElicit":null},"sessionAttributes":null,"intent":null},"timeoutConditional":null},"invocationLabel":null,"enableCodeHookInvocation":true},"conditional":null,"nextStep":{"dialogAction":{"type":"InvokeDialogCodeHook","suppressNextMessage":null,"slotToElicit":null},"sessionAttributes":null,"intent":null},"initialResponse":{"messageGroupsList":[{"message":{"ssmlMessage":null,"customPayload":null,"plainTextMessage":{"value":"I'm not sure what you said. Could you please try again?"},"imageResponseCard":null},"variations":null}],"allowInterrupt":true}},"inputContexts":null,"outputContexts":null,"kendraConfiguration":null,"dialogCodeHook":null,"fulfillmentCodeHook":null,"slotPriorities":[]}